{"timestamps": [1545059474.949729, 1545059478.197331, 1545059481.646917, 1545059484.663984, 1545059488.516502, 1545059492.221659, 1545059495.735448], "initial_reset_timestamp": 1545059471.964147, "episode_types": ["t", "t", "t", "t", "t", "t", "t", "t"], "episode_lengths": [9, 10, 11, 9, 13, 12, 11], "episode_rewards": [-192.85, -192.35, -191.85, -193.75, -187.25, -190.0, -193.2]}